{
  "Properties": {
    "Redraw": {
      "Unlocked": 1000,
      "Locked": 1000,
      "Events": []
    },
    "Events": []
  },
  "LayerClock": {
    "X": 88,
    "Y": 88,
    "Time": {
      "X": 0,
      "Y": 0,
      "ForegroundColor": "#f00",
      "Hours": {
        "Image": {
          "X": 0,
          "Y": 0,
          "RotationValue": "Hour12",
          "MaxRotationValue": "12",
          "ImagePath": ["analog", "hours"]
        }
      },
      "Minutes": {
        "ForegroundColor": "#0f0",
        "Image": {
          "X": 0,
          "Y": 0,
          "RotationValue": "Minute",
          "MaxRotationValue": "60",
          "ImagePath": ["analog", "minutes"]
        }
      },
      "Seconds": {
        "Image": {
          "ForegroundColor": "#00f",
          "X": 0,
          "Y": 0,
          "RotationValue": "Second",
          "MaxRotationValue": "60",
          "ImagePath": ["analog", "seconds"]
        }
      }
    }
  }
}
