{
  "Properties": {
    "Redraw": {
      "Unlocked": 1000,
      "Locked": 60000,
      "Events": ["lock"],
      "Clear": true
    },
    "Events": ["lock"]
  },
  "Background": {
    "ForegroundColor": "#000",
    "BackgroundColor": "#fff",
    "Image": {
      "ImagePath": ["background"]
    }
  },
  "LayerClock": {
    "X": 88,
    "Y": 88,
    "Time": {
      "X": 0,
      "Y": 0,
      "ForegroundColor": "#f00",
      "Hours": {
        "Image": {
          "X": 0,
          "Y": 0,
          "RotationValue": "Hour12Analog",
          "MaxRotationValue": 12,
          "ImagePath": ["analog", "hours"]
        }
      },
      "Minutes": {
        "ForegroundColor": "#0f0",
        "Image": {
          "X": 0,
          "Y": 0,
          "RotationValue": "Minute",
          "MaxRotationValue": 60,
          "ImagePath": ["analog", "minutes"]
        }
      },
      "Seconds": {
        "HideOn": "Lock",
        "Poly":{
          "Filled": true,
          "RotationValue": "Second",
          "MinRotationValue": 0,
          "MaxRotationValue": 60,
          "ForegroundColor": "#00f",
          "BackgroundColor": "#008",
          "Vertices":[
            {"X":-1, "Y":13},
            {"X":0, "Y":15},
            {"X":1, "Y":13},
            {"X":2, "Y":0},
            {"X":1, "Y":-75},
            {"X":0, "Y":-80},
            {"X":-1, "Y":-75},
            {"X":-2, "Y":0}
          ]
        }
      }
    }
  }
}
