{
  "ForegroundColor": "#fff",
  "BackgroundColor": "#000",
  "Properties": {
    "Redraw": {
      "Unlocked": 10000,
      "Locked": 60000,
      "Events": ["lock", "unlock", "charging"]
    }
  },
  "Background": {
    "Image": {
      "Type": "Once",
      "X": 0,
      "Y": 0,
      "ImagePath": ["background"]
    }
  },
  "LayerTime": {
    "X": 22,
    "Y": 28,
    "Hours": {
      "Number": {
        "X": 59,
        "Y": 43,
        "Value": "Hour",
        "Spacing": 2,
        "Alignment": "BottomRight",
        "ImagePath": ["numbers", "big"]
      }
    },
    "Minutes": {
      "X": 80,
      "Y": 0,
      "Tens": {
        "Number": {
          "X": 0,
          "Y": 0,
          "Value": "MinuteTens",
          "ImagePath": ["numbers", "big"]
        }
      },
      "Ones": {
        "Image": {
          "X": 30,
          "Y": 0,
          "Value": "MinuteOnes",
          "MaxValue": 9,
          "Steps": 10,
          "ImagePath": ["numbers", "big"]
        }
      }
    }
  },
  "LayerDate": {
    "X": 125,
    "Y": 13,
    "Month": {
      "Number": {
        "X": 20,
        "Y": 0,
        "Alignment": "TopLeft",
        "Spacing": 1,
        "Digits": 2,
        "Value": "Month",
        "ImagePath": ["numbers", "small"]
      }
    },
    "Day": {
      "Number": {
        "X": 0,
        "Y": 0,
        "Alignment": "TopLeft",
        "Spacing": 1,
        "Digits": 2,
        "Value": "Day",
        "ImagePath": ["numbers", "small"]
      }
    }
  },
  "LayerSensors": {
    "X": 16,
    "Y": 15,
    "Background":{
      "Rect": {
        "X": 0,
        "Y": 0,
        "Width": 80,
        "Height": 8,
        "Filled": true,
        "ForegroundColor": "#000"
      }
    },
    "HRM": {
      "MultiState": {
        "X": 0,
        "Y": 0,
        "Value": "HRM",
        "ImagePath": ["icons", "sensors", "hrm"]
      }
    },
    "GPS": {
      "MultiState": {
        "X": 7,
        "Y": 0,
        "Value": "GPS",
        "ImagePath": ["icons", "sensors", "gps"]
      }
    },
    "Barometer": {
      "MultiState": {
        "X": 14,
        "Y": 0,
        "Value": "Barometer",
        "ImagePath": ["icons", "sensors", "baro"]
      }
    },
    "Compass": {
      "MultiState": {
        "X": 21,
        "Y": 0,
        "Value": "Compass",
        "ImagePath": ["icons", "sensors", "compass"]
      }
    },
    "BT": {
      "MultiState": {
        "X": 28,
        "Y": 0,
        "Value": "BluetoothPeripheral",
        "ImagePath": ["icons", "sensors", "bt"]
      }
    }
  },
  "LayerStatusBar":{
    "X": 20,
    "Y": 78,
    "Battery": {
      "X": 116,
      "Y": 1,
      "Background": {
        "Image": {
          "X": 0,
          "Y": 0,
          "ImagePath": ["scales", "battery", "background"]
        }
      },
      "Scale": {
        "X": 2,
        "Y": 2,
        "Value": "BatteryPercentage",
        "MaxValue" : 100,
        "MinValue" : 0,
        "ImagePath": ["scales", "battery"],
        "Segments": [{
            "X": 0,
            "Y": 0
          },
          {
            "X": 3,
            "Y": 0
          },
          {
            "X": 6,
            "Y": 0
          },
          {
            "X": 9,
            "Y": 0
          },
          {
            "X": 12,
            "Y": 0
          },
          {
            "X": 15,
            "Y": 0
          },
          {
            "X": 18,
            "Y": 2
          }
        ]
      }
    },
    "Status": {
      "X": 0,
      "Y": 0,
      "Background":{
        "Rect": {
          "X": 0,
          "Y": 0,
          "Filled": true,
          "Width": 60,
          "Height": 13,
          "ForegroundColor": "#000"
        }
      },
      "Lock": {
        "MultiState": {
          "X": 0,
          "Y": 0,
          "Value": "Lock",
          "ImagePath": ["icons", "status", "lock"]
        }
      },
      "Bluetooth": {
        "MultiState": {
          "X": 15,
          "Y": 0,
          "Value": "Bluetooth",
          "ImagePath": ["icons", "status", "bluetooth"]
        }
      },
      "Alarm": {
        "MultiState": {
          "X": 30,
          "Y": 0,
          "Value": "Alarm",
          "ImagePath": ["icons", "status", "alarm"]
        }
      },
      "Notifications": {
        "MultiState": {
          "X": 45,
          "Y": 0,
          "Value": "Notifications",
          "ImagePath": ["icons", "status", "notifications"]
        }
      },
      "Charge": {
        "MultiState": {
          "X": 63,
          "Y": 0,
          "Value": "Charge",
          "ImagePath": ["icons", "status", "charge"]
        }
      }
    }
  },
  "LayerText": {
    "X": 0,
    "Y": 105,
    "Background":{
      "Rect": {
        "X": 55,
        "Y": 0,
        "Width": 49,
        "Height": 69,
        "Filled": true,
        "ForegroundColor": "#000"
      }
    },
    "Steps": {
      "Number": {
        "X": 100,
        "Y": 10,
        "Alignment": "BottomRight",
        "Spacing": 1,
        "Value": "Steps",
        "ImagePath": ["numbers", "small"]
      }
    },
    "Pulse": {
      "Number": {
        "X": 100,
        "Y": 24,
        "Alignment": "BottomRight",
        "Spacing": 1,
        "Value": "Pulse",
        "ImagePath": ["numbers", "small"]
      }
    },
    "Pressure": {
      "Number": {
        "X": 100,
        "Y": 38,
        "Alignment": "BottomRight",
        "Spacing": 1,
        "Value": "Pressure",
        "ImagePath": ["numbers", "small"]
      }
    },
    "Altitude": {
      "Number": {
        "X": 100,
        "Y": 52,
        "Alignment": "BottomRight",
        "Spacing": 1,
        "Value": "Altitude",
        "ImagePath": ["numbers", "small"]
      }
    },
    "Temperature": {
      "Number": {
        "X": 100,
        "Y": 66,
        "Alignment": "BottomRight",
        "Spacing": 1,
        "Value": "WeatherTemperature",
        "ImagePath": ["numbers", "small"]
      }
    }
  },
  "LayerWeather": {
    "ForegroundColor": "#00f",
    "BackgroundColor": "#000",
    "X": 107,
    "Y": 105,
    "Weather": {
      "CodedImage": {
        "X": 0,
        "Y": 0,
        "Value": "WeatherCode",
        "ImagePath": ["weather", "icons", "day"]
      }
    }
  }
}
